"CLIENTNUM","PredictedProbability"
"768805383",0.0159511304017679
"708790833",0.111027004984976
"710821833",0.0408900893997904
"710599683",0.781377140887666
"709967358",0.0391567488364705
"709327383",0.198029454492382
"784725333",0.172458411600975
"789124683",0.831154275925421
"804424383",0.330924006329968
"709029408",0.021314246251646
"787937058",0.0870417209673923
"713962233",0.0203959160802979
"758551608",0.0266751152257926
"773146383",0.269410153005064
"799723908",0.594253884413218
"779471883",0.880633492066038
"711314058",0.777228083104622
"715971108",0.168491845995876
"789973308",0.254129535750944
"712876233",0.129201052531578
"716396358",0.0235316814510213
"711743883",0.742235102166552
"789140283",0.0956416148232985
"711887583",0.824853231369605
"779155158",0.137835385361525
"721091583",0.923099081716742
"716657058",0.737851368614579
"718619883",0.777536386276473
"711844758",0.00739930121078169
"721074183",0.882538764708435
"715259583",0.376026030226011
"785387883",0.185947325740011
"710806083",0.243204004057254
"714752208",0.196753750463341
"719154483",0.0992616161213539
"789968058",0.167676320370957
"716104983",0.00862892310055268
"712215258",0.948183241155821
"713539833",0.37430481285596
"718803333",0.406492319222364
"714791208",0.632102503212141
"716493408",0.25895986838868
"714141108",0.586605453250563
"712608783",0.255975954207379
"717296808",0.125905289810516
"715315833",0.185945178581275
"721148358",0.523436404152181
"717912483",0.142842158732356
"780466533",0.017138592316496
"715735233",0.0368147311119286
"715872333",0.570656249120294
"708868233",0.823518221814257
"748326258",0.200049030530086
"770817783",0.384447907755136
"711441333",0.628469525572315
"711551958",0.913405940579607
"809164083",0.0457456716172567
"713837058",0.370980320165472
"769425858",0.614475699221446
"758348808",0.763262721231781
"708711483",0.420962911039561
"720997383",0.845073295180847
"789830058",0.0158987814918298
"710299608",0.362585170395538
"712125258",0.951198210328964
"721022433",0.0291799666826889
"772390908",0.898702386480536
"799471833",0.0879546641696551
"778661358",0.410024148522444
"708528483",0.04156057052722
"720615708",0.142540272065304
"721132233",0.385247378137362
"712069008",0.289706138667425
"715085733",0.0155202463804454
"708421833",0.0779020544655383
"715120608",0.462579782294232
"770632758",0.611743439104455
"712270158",0.232142608382642
"779749908",0.57397025656182
"710572458",0.230164663831827
"711569433",0.402984989143825
"709346133",0.0602600930938665
"708820308",0.0230264345726588
"710558058",0.238289734997805
"778928283",0.160456562644729
"712299858",0.128307013233701
"809976033",0.0604910150057653
"716203308",0.385092917863684
"714871683",0.971325797559144
"716139933",0.00979762273924863
"772712658",0.0601870301457853
"788868858",0.0513602142043073
"790134408",0.203356450688451
"788853258",0.0237032622090352
"788830683",0.00876694607449051
"828281733",0.765805765023087
"719091333",0.58258858066816
"810449883",0.0137508967145498
"709311633",0.138321410195149
"709864833",0.12723292068165
"753606108",0.772176385261872
"719337408",0.05576817823618
"712981383",0.697148636488426
"778770783",0.0262460086913399
"711089733",0.389679438898774
"716988633",0.110288071037857
"721333233",0.0528204751850786
"794496033",0.0168753699029226
"714272658",0.324826890040847
"717469158",0.00496478630974946
"719407983",0.0186422257315825
"710665533",0.154514747117062
"716804283",0.234586887399802
"717860358",0.0604534211029548
"711870333",0.00904541326607833
"715878183",0.647697895398794
"709110633",0.238516354667838
"709913733",0.10944361494168
"822893133",0.456835265329095
"712138983",0.0273273235560486
"710104908",0.0291507770957365
"713827383",0.0113524577172465
"720267033",0.026388806225037
"708688608",0.0194723350399704
"716223708",0.84785952723164
"819352983",0.102493356248496
"711019308",0.0232484838244216
"768600558",0.577915636763141
"721183983",0.126497937840977
"793581933",0.114681201997354
"719366358",0.116791096070913
"711622683",0.306105140241908
"709198158",0.0133009805639913
"712419708",0.00389909205391945
"708579633",0.295009047443437
"778686408",0.0346502639473253
"718193958",0.011852253683643
"709446783",0.0733004742019012
"789115833",0.266312713563461
"788779008",0.154840836580826
"710404533",0.0641342648283128
"711697158",0.0172181405152559
"709186983",0.0291179647136576
"779743908",0.625876634111907
"711028308",0.447308860964825
"711526533",0.133527908684972
"779713608",0.130422467457926
"770724558",0.500881951930456
"719309958",0.552444135783062
"711757383",0.438389465835434
"779863533",0.0804456337328591
"711466533",0.130078968014926
"719428308",0.0748043659618592
"720923658",0.0803230439733765
"779519058",0.308795700154236
"719085933",0.0105188745687883
"718888308",0.0710658046368166
"827108583",0.485544652093544
"798792408",0.921028403762115
"714451833",0.326365676835909
"713943783",0.562007627870862
"813453408",0.366740287805142
"788370258",0.00209837697936415
"719945433",0.132168866919131
"817663908",0.332369228987275
"709990983",0.394206519058703
"818045958",0.0426304606359216
"713861733",0.00429134179871437
"809292483",0.186870636434368
"719459358",0.0581992810817269
"788701608",0.368498165826818
"719989008",0.0399331460473792
"791839233",0.428498317212928
"709120008",0.19239638873858
"816594183",0.0112290587498514
"712689333",0.336013756602185
"711668283",0.376002730169208
"772684833",0.0867824516438458
"711676908",0.0693669381182745
"778623858",0.0127907408984909
"715271733",0.395839350932148
"788946783",0.0523878865568515
"720697908",0.0106520065878142
"710831133",0.0139108993618737
"766706358",0.12549600598164
"712373208",0.883552225744369
"720680058",0.029196129983819
"716909283",0.0148260964122938
"754654383",0.0806666332473446
"807964908",0.0297698339584697
"718064283",0.129130033082249
"717787533",0.0560821032691412
"708455883",0.726987185328864
"709207458",0.315301742606324
"816829608",0.128678014494582
"713936583",0.00232751091999144
"714648933",0.103151782540941
"711556533",0.791307422702086
"717707133",0.000860729013080491
"719471433",0.258421234811049
"712763808",0.302769993745973
"715168983",0.532410868172122
"710947683",0.171139259138139
"718923858",0.229204667296345
"752666508",0.788044543733069
"712672083",0.729244704032886
"720718908",0.0580443070939567
"779506158",0.0712149330997241
"710793783",0.0474769916184669
"716341833",0.195715619061468
"715848408",0.510704622369198
"720426708",0.791811364416442
"714989583",0.124211333588973
"715901508",0.00790511838037215
"712523283",0.665047787534472
"711309033",0.00124100135315108
"708134283",0.505089236691742
"766285608",0.0246528392732525
"798035358",0.111567915964194
"780713058",0.0165283994479464
"783387783",0.0802364532205612
"787800108",0.00766201220429337
"778663458",0.794924760169051
"713854608",0.00645522418156531
"715993608",0.00516607013747653
"789368658",0.167839772761618
"721049658",0.0139727881976948
"826775058",0.11203612810209
"714550383",0.688807733850013
"709058808",0.0208694031074688
"813240408",0.628619232699346
"761544333",0.278912971406114
"709624533",0.0114564445415482
"713378133",0.00394827605210956
"709217358",0.0491208341225661
"720998358",0.268907075661014
"715232058",0.00961351855243242
"713670333",0.262958382653911
"714334383",0.0426022359651394
"712420833",0.00874488413479624
"713845083",0.0234792622341927
"713756508",0.19218715958832
"789605658",0.227215711098004
"721036233",0.10400602697607
"717776808",0.127729572002143
"717561108",0.46225193863879
"713650683",0.148067598792083
"718797558",0.151635057279351
"789886533",0.851112321691276
"813952233",0.0426859791946832
"709979583",0.0948643606162992
"709380333",0.0350495600461355
"778574283",0.047511430139466
"813915933",0.274003652172836
"824761458",0.0143454950575187
"708856983",0.911571544669581
"772674933",0.0704101312095358
"711320508",0.507487367768021
"717904383",0.0269907281193691
"712475733",0.143256353067806
"718996758",0.112593387824333
"709961958",0.0861822044791292
"721265883",0.18735758025942
"717412608",0.9482328786944
"820584408",0.246848429948886
"718595583",0.0324590454457406
"753856008",0.0116469945850292
"789920883",0.0217622668694269
"709584483",0.0586289095482344
"715855083",0.0298846310769666
"711648708",0.0106999552366402
"709224858",0.0256334710512142
"821771508",0.0208286050112705
"710522433",0.0249179327226386
"779046408",0.280885510553671
"816776283",0.092596358126863
"719904333",0.261443822362204
"718264233",0.0185976431385056
"780025908",0.196949927038781
"710032608",0.0462556040922291
"740852733",0.0119622620704604
"712037358",0.0449684164973982
"715937133",0.0142825759514801
"789326808",0.0480463592947305
"712924383",0.559966508211215
"788974608",0.0244561157759762
"714916758",0.464543292615797
"789611283",0.178750499280236
"798110358",0.700326007467944
"715745508",0.0311414499612494
"719127558",0.0138078785847869
"822984108",0.00389183473471494
"719469333",0.0253016766138881
"714983283",0.556910450635613
"789731433",0.291538384568025
"775198608",0.454238298952096
"788107683",0.0380202925604342
"712440483",0.0849736362517123
"811534983",0.272636094831199
"719728383",0.0857363656170137
"717206508",0.181518775348119
"821836008",0.175858613116724
"718654533",0.064886535685268
"713908683",0.0667186399354368
"708212658",0.061707814807098
"818497758",0.213552989358051
"719518308",0.738266847632717
"770901258",0.233378210932717
"711499158",0.107714277240593
"771816408",0.0368874647158346
"798158808",0.0553783280946338
"787685658",0.249717768988818
"720836808",0.00307732553994089
"717277833",0.0433800086690401
"712820208",0.0204503662444579
"794649858",0.524127464314311
"711310908",0.00839925654044474
"788862333",0.581034514442901
"713194608",0.00448919765079826
"710475408",0.0263881046816723
"708971583",0.232392792293026
"789733008",0.00386627881749403
"710255208",0.158966582496215
"779521533",0.188010130967723
"716487408",0.038783405381536
"710523333",0.117752534615689
"720747633",0.118496279023302
"716773533",0.0207379509783297
"822130683",0.241968062558561
"827888433",0.00496717363448276
"716522583",0.469877987499306
"769579608",0.30415273630563
"718136283",0.487086445147847
"779722308",0.612248293662665
"717167283",0.228526497848211
"778426608",0.107880061032361
"710944608",0.101851805718285
"771099183",0.00332433980020877
"710819733",0.240355880174645
"772236108",0.145201062498397
"715640358",0.166508839827473
"709451508",0.466904849628477
"714051033",0.11872969958907
"715007583",0.101263737842089
"714700158",0.203031669814599
"709855608",0.859012168296139
"717940008",0.00370167323430018
"720917808",0.00562312423274232
"719873808",0.0361428564983758
"715528983",0.0404618916565448
"710616183",0.928680459030898
"708913233",0.434836694952186
"719514783",0.0472032257376698
"818375733",0.277006209237497
"721415658",0.0103808101485308
"718623783",0.0870281044090717
"709267308",0.243934952272578
"710307933",0.0299004252010839
"709493283",0.335046726157737
"771349458",0.0519276019594381
"720009558",0.0160512576139379
"717591483",0.0509760644198981
"715367058",0.295227061989733
"717670758",0.00470804490381327
"720666333",0.395883640046839
"771556308",0.234625822373991
"717831783",0.581396002681193
"709288383",0.00450596516928318
"721084833",0.0503426251759143
"708799983",0.159946797370878
"766429908",0.0317812952312794
"778275783",0.00689262490793988
"799498158",0.0510086816855489
"716334258",0.0218683590678572
"716075208",0.346370137062735
"780276258",0.465935525731796
"711050058",0.422267190217625
"710391258",0.347600167148272
"772468983",0.332993379799785
"710990283",0.0800267792404483
"719692983",0.505236950886893
"719125158",0.00624193452582696
"715216908",0.407368335213446
"718651083",0.0349482507511928
"816319008",0.111201353100698
"708828258",0.256337065469916
"713511108",0.20367099029472
"717837858",0.0153997554302124
"715065483",0.299045923430047
"718751133",0.181228144919565
"716374308",0.016733117837392
"719049033",0.11167093152183
"713126733",0.0252860232709655
"779811183",0.397501291670174
"715256658",0.027927653066766
"711329658",0.103069394816212
"719431608",0.399094288349103
"804481608",0.0765769836982323
"711561108",0.00155657882847694
"717599283",0.0712876345376642
"814086333",0.0651433245454316
"715524708",0.167762067948892
"758583708",0.597675450317802
"720677733",0.00299075846451484
"713536158",0.391197326521058
"815299833",0.00631920073493724
"721003008",0.66596984272994
"720668358",0.377989526244077
"711934308",0.0504167993837263
"789247458",0.0140353961033184
"720122808",0.949236438342581
"717159858",0.00503670941242425
"737982408",0.0652330006889347
"716053083",0.979376878761371
"772086408",0.417262909024003
"718011783",0.383535849398374
"811005858",0.060563269325177
"719353158",0.102118453352252
"795237183",0.913383557217804
"711954558",0.444170745848498
"709537683",0.945310211052782
"713358633",0.000764772553962199
"713016633",0.305584994569521
"814471983",0.319609704619571
"714002658",0.227201531318652
"715381533",0.0155398955848199
"717678408",0.0429296962874757
"757481283",0.333428372945222
"794562783",0.0614235413491175
"794504658",0.00484681597179971
"720231108",0.360872965482775
"719818983",0.882995293436942
"771234558",0.0277603758173659
"715934283",0.010404590709257
"717499083",0.00483214888011882
"709219533",0.055860852238534
"714457083",0.30547059730724
"714043833",0.00252125782364581
"789577833",0.120639303571339
"711776433",0.0106168122191165
"787543008",0.0108824616971593
"716277558",0.115644724692988
"716548083",0.00932018569434093
"714753258",0.0130584047041117
"712004208",0.0609866218177865
"809941233",0.0349318589300366
"781933983",0.0271964053892156
"787500333",0.00447112886319525
"713992158",0.581991784901701
"711065133",0.214239165088801
"712288158",0.0399199123629257
"717038733",0.254620249346338
"804840033",0.792581134389276
"713738883",0.135661828830631
"803132733",0.423229414976834
"717267108",0.00396593968137601
"711636558",0.136578245272208
"708892833",0.988977882016727
"789833583",0.478717068402984
"710251608",0.89709920618736
"817142433",0.177734912923775
"713309583",0.0121801965941602
"818908833",0.133690625520803
"715057383",0.00389438303860797
"709000008",0.0181930679837103
"771169458",0.0698671146764486
"715478733",0.0541290925745034
"780382008",0.0210490826323893
"713469333",0.0111699851488205
"711346383",0.034331945312786
"717105258",0.72572877653882
"713663508",0.606254872999658
"812809083",0.221319487987041
"712452033",0.126835621502029
"793355508",0.0189959698195414
"708580908",0.217642805482655
"780689733",0.059263510522955
"744764433",0.260735126551099
"714902283",0.116061905250347
"714804483",0.355355355345108
"789777408",0.643375437477392
"765055833",0.228589566078721
"718577958",0.990905292074408
"804867183",0.0794897901742218
"826068183",0.164873475430265
"710287533",0.060176675015789
"716129208",0.803419082210405
"719686458",0.199386310057262
"721434483",0.0298528246079574
"716096358",0.01092334973179
"717866133",0.0682629619290167
"768212583",0.10810337651671
"788971308",0.288381656109764
"718950483",0.246467994892868
"713643858",0.154091954967321
"780662133",0.108610770575252
"789607983",0.202744929722618
"714159858",0.0830001037181478
"714225333",0.378583978523615
"717171408",0.0876919191968024
"712905708",0.294185979477091
"720050208",0.0209585958013981
"713893308",0.0536831834474288
"752085108",0.570829525919745
"784719708",0.116327444175851
"804663258",0.0410501067497505
"720909408",0.00920950961203967
"718428033",0.00302059927480439
"714892533",0.357248969290633
"716647983",0.398850081045032
"712340733",0.0704998453554803
"708331758",0.0638495035154407
"709501683",0.00478090197781439
"781013958",0.318460047276089
"717495258",0.132215131923005
"715800708",0.05871277280097
"709042908",0.0184492584316131
"719273733",0.700020148701845
"716128083",0.0687874476128133
"715843533",0.627521872364961
"717260058",0.339235597446122
"712551258",0.953562617318761
"779895108",0.0734661212991948
"771976683",0.113377617470135
"716800908",0.130446446931543
"711574008",0.317362935251699
"772292358",0.690092606068165
"710497608",0.01111834168778
"708446808",0.0589009177798256
"717301908",0.100875424191944
"718435158",0.540341328836133
"718970058",0.28948716353464
"713021208",0.891330828240114
"810856833",0.056102944100735
"787868958",0.0136713863308152
"708735183",0.122538872244206
"714531108",0.0265254450000652
"788684508",0.276448779372357
"713104458",0.935107254343598
"712322058",0.0897160248267627
"719161683",0.178801528091308
"719327808",0.0401705053229753
"714038433",0.00321626100282205
"709367433",0.0511137678870875
"719415858",0.00201075527964247
"807523008",0.0156158703813003
"780865308",0.00117144077374221
"771852483",0.0148487556371884
"708651933",0.00675896005416334
"716549058",0.0775050787980626
"708980283",0.00513183325411028
"780219483",0.225726962253532
"715143333",0.00179791639130864
"711913833",0.330715110197431
"710567508",0.197740658815943
"715533108",0.12584900338288
"708620283",0.00329480402080119
"770985633",0.0132465627580486
"709096908",0.125442856055392
"768965208",0.00567599546895843
"717813558",0.668066865849746
"716823408",0.000779216663145357
"709473708",0.161635648124592
"716768808",0.0569554484062054
"795810633",0.363530839624714
"713879283",0.429141202577726
"770781558",0.0776519593715861
"790048158",0.0648368060030805
"712973733",0.198172903788476
"719233833",0.402790086946773
"716864733",0.0264979646246158
"720228708",0.363209153513632
"715499808",0.348496289981248
"718589133",0.00403146794415259
"715319958",0.542403766337688
"798022683",0.301014366135981
"769756983",0.00276325450022685
"794462133",0.038106400621964
"712040433",0.00655214785948893
"714633858",0.158100838946749
"713384508",0.00164027241761634
"710808108",0.063476879191867
"712005108",0.145834845676023
"711041508",0.112505116031406
"712847208",0.0261254537140862
"715680933",0.0526225327158297
"772643058",0.0921349419009799
"718199133",0.129000328989741
"709516458",0.143522013185739
"716456808",0.0181394888544232
"716819958",0.318022950533082
"770262183",0.00246931729418606
"711827958",0.288788089604213
"809620833",0.165263844371992
"806889633",0.145488289036059
"717338733",0.0217257568149602
"788783133",0.577365344278247
"816325533",0.0976998191901395
"717233058",0.480098515506556
"796336833",0.0249010415983953
"713763633",0.569929130646826
"787523283",0.0296076324848949
"719493858",0.0187931134524108
"712060158",0.00349078362502218
"713292933",0.00997288534396275
"788776908",0.00862960882385404
"714802458",0.000995349664650098
"721485708",0.0534817457087394
"788784258",0.290656894170457
"715749108",0.00762143211391284
"717727308",0.0315811505086278
"718445883",0.732574313792296
"716068683",0.00351455110405815
"803665983",0.00923254018993115
"815838633",0.0273546028711775
"826706208",0.0448654659754265
"721218408",0.038432105603179
"710416533",0.0460913180792588
"719706483",0.0676167996157933
"820075983",0.0540639906400352
"721502958",0.334092044547074
"709554483",0.347520780033463
"711639708",0.0921182263157698
"712816833",0.0933211145920983
"798769458",0.00209212776190278
"719483358",0.0178064172991656
"772658658",0.0424436846429187
"802666083",0.206857347315107
"717627333",0.184245757556326
"718016808",0.153878570910756
"814571058",0.00204426307607897
"719336583",0.879725092037829
"797638383",0.00881036288747895
"709757583",0.0167431559413104
"823912308",0.0690460236387413
"718368333",0.00671834396528203
"806752533",0.0356575761216136
"709376508",0.162409126374307
"712589658",0.178040189457156
"715174158",0.0147417951892301
"710892408",0.187223709824649
"715261458",0.192843640835537
"818294958",0.0179503872995174
"714199983",0.0449655984613278
"787430733",0.485902247631498
"799731033",0.00697421468292375
"822138333",0.292692164971644
"708532308",0.000681004363493712
"754671558",0.0342693269653477
"719535558",0.00105544164829052
"771032658",0.228006208472113
"735008958",0.03005161389385
"713766183",0.00134269493939053
"789266208",0.497537237138347
"709479558",0.000587282030343394
"778148283",0.00459384868083237
"719363283",0.249655031376308
"716225433",0.00333525618538717
"711076533",0.00706845705855482
"716375883",0.0835917820050219
"711534183",0.168706219696413
"804610908",0.010166879926693
"770952933",0.235322767298835
"755365233",0.000311346405710945
"715105908",0.0821944109512827
"710524533",0.661552776824423
"718934058",0.0271205038769149
"717613233",0.0645641266432022
"711291558",0.308031947865553
"716285358",0.113953804234181
"711368283",0.0403553216443889
"807275733",0.242651425764723
"712700358",0.0368254152333007
"709413933",0.812498650404121
"720323208",0.000594001554397179
"710092683",0.183557612590759
"717132633",0.00962895385387921
"714967233",0.369300427036479
"755399433",0.00566634870090976
"713350908",0.0253767218057155
"715759458",0.030890897594737
"771335358",0.0764912728812887
"794293908",0.0207659430684382
"807349158",0.0563990155083683
"778456983",0.149964280757698
"799700208",0.00117848772852213
"792272658",0.0623991467212595
"712443558",0.0142021104053172
"711835758",0.548219197915696
"801700233",0.000664184096785871
"716815308",0.0295755833779543
"720580383",0.097077024766257
"780202908",0.0614471724313269
"780251658",0.0139096849432121
"708193008",0.665052877305894
"715992558",0.00813423017780312
"788360283",0.0178355558827878
"717914808",0.166311525893416
"708816408",0.194137185156658
"827643858",0.040554843595886
"711251133",0.0431244594469988
"716896833",0.425761325382734
"712801758",0.00236487224730373
"717237708",0.114218486735096
"709959858",0.252004969529483
"718318383",0.0185426785816408
"712652283",0.00366295288945652
"793461933",0.132151425855013
"713687508",0.0100894813403831
"771228183",0.00282193922140783
"807209808",0.00191694764748008
"717332733",0.020576057384801
"720562008",0.0251572538988319
"771073908",0.572914312062626
"755615208",0.00844014323669042
"772277508",0.163791488109637
"712515558",0.00413540262699736
"769463433",0.0322062253316448
"715921758",0.0242535338511397
"717280158",0.109209670984885
"711443808",0.00392360728295848
"778908783",0.834248944109094
"714670533",0.0186823346881
"771833433",0.389433288823283
"716878533",0.0751003227741627
"709683633",0.0108448619689043
"714318033",0.0121529578955764
"716219808",0.307090357534574
"715690908",0.00701762084083137
"789125733",0.174357961432959
"709695333",0.00363646322558658
"714731208",0.0133174289290369
"710006958",0.0153604269706047
"778447908",0.0647296662551452
"779833908",0.00703120498715201
"711935283",0.752127460020295
"809358708",0.00290148958010244
"715338783",0.004352471541678
"779645658",0.0414987325523096
"780000258",0.0288196895201519
"825785508",0.075154132307224
"710014683",0.0433845486724846
"716353083",0.0214653890176917
"712423233",0.0041825163515425
"711502908",0.0156524348422834
"748617858",0.0100094861945961
"714857508",0.0264541682856259
"708494583",0.280028658937844
"719398158",0.000553058689655734
"787581858",0.0948222194169855
"783366483",0.0362713928064451
"719562108",0.00689034737588911
"719266158",0.00712939993858629
"709562358",0.00369796810694502
"715391433",0.157572322894146
"708722583",0.022097027976709
"714566958",0.460857885590151
"806244183",0.0121246377128867
"787999533",0.00324137549518327
"716908158",0.00229321012637036
"713013483",0.190246799692963
"714358008",0.164610779468041
"715986258",0.0496992884358798
"714466458",0.00370671483641353
"719608308",0.00224784320973007
"718503108",0.00410342654035818
"720529308",0.102455685421366
"719912808",0.248978055412815
"714467733",0.0206802782652006
"811035483",0.967402681775482
"719465733",0.12677088584634
"709914858",0.00279373651312927
"718917408",0.0586239482457689
"772565883",0.0166128550884763
"769701258",0.0551967380965715
"708707808",0.00353243405299921
"801385458",0.00379988202405984
"713579733",0.00676014140343874
"771081558",0.00325150505054645
"827049558",0.00297453205867585
"712146558",0.0554781242153514
"709215708",0.00944386606553639
"718828083",0.00346553505966534
"715688958",0.00575818853943786
"721493883",0.0233370013464277
"709830783",0.00449525028459574
"717720108",0.0161548473618152
"770146008",0.21860679780339
"714829683",0.0538896220936311
"757837458",0.0336166623019723
"719240358",0.00235666867170336
"720786033",0.28843170417199
"716573058",0.908346190786906
"714901383",0.0049877934659811
"718500633",0.00420353022292809
"713516433",0.000494854694722471
"721498008",0.124937669191812
"716613933",0.0460215902886157
"712709508",0.532187465521824
"756397458",0.0512053037315369
"814489683",0.0117458650115281
"718882008",0.0108173697468109
"716142858",0.0546348607650258
"826717533",0.00125734859235622
"803124408",0.81736695622716
"827055333",0.434424403575591
"716358033",0.186716927257767
"714629358",0.905839001528073
"710979033",0.00206632722708278
"822112383",0.00856778357151696
"719987733",0.829607407257238
"719184783",0.0221309995653847
"719657583",0.0731804798120413
"796903083",0.750715220390283
"716014983",0.0132885640198139
"712521783",0.0167895176441272
"780045708",0.00602065586504424
"821768658",0.160864650597369
"772607433",0.0204555809401545
"815085708",0.725753839301824
"779683683",0.0836058309249336
"715485483",0.666146297171756
"789220008",0.405056791927504
"820346133",0.0242848392999397
"718197108",0.497243630940177
"769576608",0.00241209895124216
"779765058",0.00201616591671845
"708733983",0.022931678645223
"710521383",0.0180008688107843
"717569283",0.0141797877507796
"778895883",0.0352551457367766
"719655258",0.064855734015067
"711205758",0.796019480657868
"714332658",0.0530162166284665
"779601783",0.00789623602041556
"720795858",0.0478035365699111
"756629133",0.623669597445377
"712164333",0.0744521997077408
"796791258",0.00518024467448971
"711220683",0.00314328644054336
"717582558",0.0102310946810416
"717358158",0.00630004727840154
"720301458",0.00626454826488248
"794579658",0.00223319121622573
"712084383",0.000823706373991224
"788641758",0.039993920757645
"713277783",0.0436171508227693
"717451833",0.00529390236976323
"773457558",0.0204515920740127
"716194683",0.0775187568458499
"720563058",0.0185465089371067
"712287333",0.010743122581496
"827691858",0.239564988400356
"717265983",0.00224684120424197
"815851233",0.180352402463022
"779425608",0.00393749392201261
"771776808",0.644128531511495
"709985133",0.0299354023793345
"709289358",0.0516197250944821
"714216033",0.00271936763650996
"719462433",0.00564734882347257
"720527058",0.0329072520376127
"806641683",0.00461483809052309
"826414083",0.0459403647967792
"711349083",0.333857534411164
"709718058",0.00488931818280351
"819151083",0.0290334617524253
"718366983",0.00542412696401082
"719604858",0.853656809202883
"712986483",0.144467952010163
"758426583",0.076315036953796
"818336508",0.0188617281169579
"712597233",0.458814280299503
"709587783",0.0515570104269136
"709804533",0.0127678547352691
"712076358",0.0306008318683564
"788792583",0.0426371810370191
"766131033",0.036106815223578
"719816583",0.150510139862127
"715376508",0.0367374044651216
"788923758",0.00454504487794324
"710809083",0.0530355659401543
"715491483",0.0153462651354224
"783381933",0.00652041494146229
"811554708",0.116770760650011
"720753183",0.00213526844874632
"716575758",0.790412021243757
"720568083",0.121128878331091
"708121908",0.705663078863525
"778710783",0.0038010474278759
"772472208",0.0332586170089161
"710402508",0.0731635630061958
"780241758",0.0144732446486615
"711580908",0.000737165084680467
"712835433",0.0727850008236914
"716461683",0.0207967818323102
"715054683",0.413322405844982
"787770858",0.00969765547158861
"710002833",0.00835952868378261
"710839308",0.000931424042633351
"719260608",0.0329679903521713
"803319633",0.00721447694302824
"802875333",0.363749348920042
"712283808",0.214067461091371
"736552308",0.0759997391158434
"713764458",0.00506508156820749
"716780283",0.00115166818677523
"716546283",0.0148593619742599
"779270883",0.0191825297252156
"713111883",0.00317937011505606
"718583133",0.00771518705857028
"804415083",0.41369823193767
"827408058",0.00390640590563884
"717888108",0.0235376117408717
"719455083",0.072475269921434
"713214558",0.0110232575695018
"714053358",0.00858094554634909
"714594933",0.00849434156964606
"712606158",0.0116171822297041
"721313808",0.000848648443681446
"710327508",0.00546312082145625
"811970808",0.0188067146772713
"708937608",0.0435618609722808
"719563158",0.00132282921628084
"713265858",0.00126594635429402
"809797158",0.0913778153082916
"710748483",0.0267731034685769
"709453833",0.0654878137643558
"811013658",0.0207416493723725
"789180933",0.0226312490645125
"712470033",0.00601802133608763
"716039433",0.127649109666113
"794682483",0.0684359773948115
"715016508",0.97618111234326
"779450958",0.00215744468546678
"717990183",0.00119364679707816
"710505483",0.0474637141136958
"710194683",0.109429689327057
"715448058",0.00949888845770384
"712822758",0.0270776741743279
"798687258",0.0161610454299636
"716321583",0.152552441149969
"743912958",0.0439730763937371
"721202058",0.0207223962840484
"710984133",0.0155781395195086
"716434533",0.445111255482655
"716138958",0.138909260248287
"815767983",0.122295944923374
"713585958",0.849034900587147
"714373308",0.28012597829381
"779032308",0.00426914577563663
"717084708",0.0149791661487057
"778247358",0.0262279862331496
"715165758",0.194908878201764
"713586858",0.0264124052147934
"790002783",0.10236728454244
"778180158",0.00666720759031313
"718220358",0.799174768311845
"711423558",0.0449026691535201
"714727833",0.0962513038455137
"715856208",0.0119203609101825
"708944958",0.0137595462137223
"771516333",0.00730608543261347
"787638408",0.0141221599839193
"715974783",0.0710811864954599
"780168333",0.00207913077228822
"711557508",0.00586101637189355
"772506858",0.00894361902845216
"765731433",0.180751143981929
"787361583",0.0138198471360144
"709921158",0.00471027133301381
"714781908",0.0512506675550738
"708507483",0.026145367488525
"813890883",0.0458661566759279
"768256908",0.532937090206723
"721451208",0.860634408848914
"710932683",0.064420740339967
"711795633",0.539268314159914
"716654808",0.966055277880283
"719530158",0.0289069897646993
"716714733",0.00730872757579038
"720921408",0.00642918949502985
"789185508",0.00540072237960776
"789362058",0.0371328673116782
"778433283",0.294966101222062
"716877258",0.0514070883600184
"788760633",0.0092467055733609
"712365483",0.00563017298957092
"778617708",0.122803826120362
"718545033",0.00543906317295743
"714972558",0.554286239389071
"709039533",0.0634117460292003
"716492583",0.00175729450783717
"796236258",0.00208783665412431
"710197308",0.0155663826459741
"749211483",0.00571160006518969
"789749433",0.00146709838300973
"716711433",0.33485506420605
"708406083",0.000282114535639888
"720846558",0.342861229751669
"714296358",0.00257051023449721
"716385033",0.00783307464285768
"711588708",0.67128015714822
"780710433",0.0157552776582902
"780068283",0.0324553286610331
"709739283",0.00427640202740013
"716230158",0.00353768528029426
"718791708",0.510001701224783
"712939533",0.0155460605328666
"714850158",0.00251625636475726
"708831858",0.735881764153916
"714336333",0.0136846795394769
"712901283",0.840810160626168
"788252358",0.00316592837542886
"711208083",0.00798416029898261
"709957158",0.0022407359946478
"717444558",0.0147495666838039
"816756783",0.000541704560193537
"715474833",0.00590588043007529
"708924783",0.00432993684801481
"809360883",0.0123508572205542
"713444058",0.0136848279085683
"714537258",0.00299040048431345
"714680208",0.0608315514776797
"803796708",0.982994060478864
"780206958",0.013999562737237
"772341783",0.257190153543987
"713722608",0.365905343041031
"721427358",0.103046994370623
"717099408",0.00301611672455774
"789586833",0.000843061246320576
"714106833",0.00226072108292576
"741116058",0.0892363617798375
"814219008",0.00633565871431185
"715093383",0.0327927324073151
"747107508",0.00224039970973156
"714431058",0.0325686521855078
"715948833",0.0168792907249507
"813427833",0.0171220438392068
"717846108",0.0148900479120662
"720486408",0.0166527394530929
"713853858",0.0157644292455191
"708848208",0.00102043067986402
"719713683",0.00175721652275507
"715514133",0.840090557311125
"794707083",0.429005389339129
"715716333",0.00168051394649052
"780203883",0.0337343800790967
"817038333",0.0549475102187855
"720670458",0.0407775291803895
"716955783",0.0185409299927333
"713168733",0.0120412935293715
"720614658",0.00254114721305522
"713231658",0.059723439463523
"708489258",0.0497059210262613
"710349258",0.0188875874075178
"713482608",0.000837326812024311
"819363708",0.0107258045279463
"767835558",0.00190700197685463
"711199908",0.0037441630497914
"715664808",0.36466241811978
"720551733",0.973254395297401
"718487958",0.00293202153511016
"815761908",0.0253526338154792
"715670058",0.0106395714559236
"717035283",0.755090290703009
"711047658",0.00598508482039528
"803113383",0.569990066133628
"721273008",0.423172245659094
"793543758",0.0574566357472654
"712693908",0.675063814102936
"718188858",0.0013203880051485
"708642708",0.826912266594928
"712089108",0.0046099644873616
"714963558",0.0386612608972078
"719583558",0.00915591981114629
"718072758",0.000742797387662305
"709567758",0.00364946393170994
"780067158",0.491373376707585
"719730258",0.0313428347888324
"715976433",0.00786921734398374
"709274583",0.000497133961326451
"821759658",0.428386785186349
"820920408",0.248333847227791
"718403358",0.00295433373714129
"817247658",0.0396193918696047
"714389883",0.00123978622497965
"709444983",0.477530369935952
"769575783",0.625804466843248
"709563258",0.294293860339862
"708205083",0.027828005425354
"712257258",0.770634341184606
"708773583",0.003704009086041
"756477333",0.0726008395959925
"717023508",0.000806595626137196
"772133808",0.0479961271035519
"768196008",0.0158118918340568
"789526458",0.00906294836820987
"716079708",0.0090141310447917
"713789883",0.00246438158038431
"710812533",0.471301097496294
"782555058",0.00266469906326626
"720810783",0.521913848155814
"715627833",0.001194122183806
"711967158",0.00171049269787987
"712999008",0.0120403779736302
"718137183",0.000907319621453281
"787507833",0.00476371192810658
"718250883",0.262124357137147
"802243458",0.394547705971576
"714485508",0.00727863575237275
"711377808",0.0427914707466473
"718565733",0.0237514090345173
"780684933",0.00799276548026898
"720330558",0.206422995094216
"797138883",0.00998447946105804
"721448283",0.142667532842857
"710552733",0.767144522990561
"713933658",0.104336002691073
"788142483",0.0297583660731379
"781297983",0.00156403731157322
"719967708",0.0265498341600821
"770278833",0.00474605245166597
"813338733",0.0135128656433085
"787536933",0.0324647351438034
"815308683",0.0798552281255533
"754564308",0.0407735826062251
"827890758",0.0206261946676393
"715844733",0.0153982297384626
"712332183",0.000670286461554318
"711721458",0.268556477435459
"716860233",0.00403305375818222
"714678408",0.0265581891992424
"708501783",0.155307430495908
"771790083",0.0346221081767131
"817089408",0.00550525448935588
"803406558",0.0377886833878837
"717297708",0.00533163456427503
"780638958",0.00192921398235065
"719894433",0.167099669449692
"812493033",0.0450035887141997
"711421233",0.00233905546428707
"818259558",0.00383688316183421
"713321508",0.0165606093147029
"717490008",0.0180072056653234
"716989683",0.00280432007647919
"819647358",0.315464817453842
"789502308",0.823219347443341
"711606558",0.0054941745894849
"710445183",0.0054950484723665
"712864683",0.928183119843069
"713886333",0.319611999868882
"794217108",0.00354762315076807
"709610283",0.19306769768418
"778915233",0.245396867755046
"771819258",0.00520886355662547
"792864858",0.0333895490290011
"780199233",0.000414974245662173
"711700158",0.0462966060708525
"717825033",0.00207397203719012
"779926608",0.00319122955693513
"710125608",0.00581563690871093
"712724733",0.0028992858753767
"716471508",0.00473179679193637
"714292533",0.116621997531171
"709585758",0.0063632522320529
"712096758",0.00282174320529913
"710779083",0.126188720041266
"779363283",0.00702528720980779
"711305208",0.0170302394511463
"779090883",0.00677221092495583
"713977308",0.00696952147491068
"715717608",0.0224449301571474
"798773208",0.0119067711045671
"708290208",0.0507131878301152
"710431158",0.0190726568034914
"720135333",0.0234534901241991
"714277758",0.0010049309806421
"713166333",0.0038450127018579
"713876958",0.0143830530689566
"718697583",0.00559041485868795
"712860858",0.0419990777742417
"709922508",0.0124098695777461
"717387933",0.0342338322318022
"738195708",0.0168412763882128
"768972558",0.186132315671183
"716680983",0.0167244138536647
"772545858",0.0126748811566518
"717800358",0.112937790373
"798041508",0.27959080431899
"718762308",0.00788385387474328
"794524833",0.0471653006876521
"721359183",0.0769317343532361
"766946058",0.0752258316771482
"715312158",0.0296282045275046
"789477483",0.00649665183512613
"788095158",0.762901546128802
"758653833",0.0169961319686752
"789238683",0.00443557374061749
"715445058",0.276283842779117
"718524783",0.937878206408364
"711654558",0.00992468085132771
"789563658",0.316033284045426
"766456683",0.00055166233507966
"717016833",0.0393177052321565
"711871758",0.289162102918386
"772655733",0.00268543565508217
"780383358",0.000920344919939512
"779340183",0.0773464120196422
"713857758",0.131489964663185
"798717783",0.156509686695057
"709788783",0.0267343918149721
"752199183",0.00230475981482464
"770917608",0.0660799450542003
"788989083",0.00453503506977016
"720398958",0.00784680059446079
"781320783",0.517114364153151
"714100008",0.0680793973391722
"709017258",0.802079031723923
"714089658",0.399426530176412
"718863258",0.27794095358034
"770293758",0.000661051554031013
"718946358",0.171310096634135
"709449333",0.00187412778516374
"716013858",0.0176488456989489
"715691808",0.0788255113285322
"788838033",0.412092178074991
"709679658",0.0676256354085506
"779296908",0.12295772993016
"719495958",0.713894961094617
"709749483",0.00387579195627512
"710926383",0.0167411769786548
"771795933",0.105329988812131
"714283458",0.0022097820345657
"804829533",0.871458924404534
"793336383",0.011056385856391
"713041683",0.820844276522659
"779544708",0.0827960729734413
"712967508",0.00328374967721044
"710231433",0.000706924522788136
"754851783",0.000437483699430565
"808743558",0.0554943408529715
"712707408",0.0301278955860971
"810868758",0.00577253667126381
"715609533",0.945481542747299
"719749083",0.00134414814369993
"708710283",0.00132188850814888
"720364158",0.0113743512813266
"778912683",0.00252268107779412
"780496833",0.469660064667869
"789081408",0.517527465137698
"718396533",0.00510064249010043
"713285058",0.0325741698828569
"710289783",0.105978844632056
"780390108",0.00736328576577514
"710854008",0.114245872412858
"823615983",0.200327049812653
"807587433",0.976653858097915
"714435408",0.046468639726819
"779978283",0.018141627065532
"713370033",0.254044817703331
"719482008",0.00226109532885217
"779135808",0.0107154013364043
"719751483",0.260685346598591
"718056033",0.0922138280491099
"789226683",0.00100359788698867
"715502808",0.00420437515827173
"788755158",0.00361884593477987
"712563408",0.234806622482747
"771222558",0.001577672474029
"789109983",0.0431731922821646
"720449208",0.0227220416257718
"716739258",0.203255867906089
"714722808",0.000673728046771694
"712202433",0.073456950882782
"716600733",0.839002263338557
"708969633",0.00162444102538485
"715660308",0.202455780997526
"712364283",0.00403838075203032
"809071083",0.000346783353853174
"789212883",0.174328176629875
"716890533",0.00108689171138111
"708491508",0.0126698218654247
"827628408",0.0684936512724594
"758965158",0.00325142753138882
"709495833",0.787947381750629
"794653983",0.0428605977797407
"714113658",0.00419660923250726
"712225008",0.0111267338661103
"787450758",0.0128291320003101
"716982483",0.103783130947187
"714483033",0.0314441602070014
"821724483",0.490347733933775
"716402508",0.00462481483480713
"712867983",0.0831332441766642
"718127958",0.00143849645923202
"771559158",0.0051319079293329
"719954733",0.0591097017020165
"709014558",0.0294013112169906
"713826183",0.590307142455473
"789097833",0.00499046727917003
"756025233",0.216767170632745
"710666583",0.474447921513096
"720118908",0.0495520823082242
"780100533",0.00478510115314335
"717995958",0.0128984831898025
"795823383",0.0664826648812481
"718338708",0.0274020881998181
"710120358",0.0561666226146225
"809582058",0.00363945013444424
"815324433",0.00590101784875311
"711493158",0.000236870331674433
"720296808",0.184229454523757
"718926258",0.00587094806623223
"789481233",0.100032696422836
"709837308",0.0129771006469755
"709086933",0.00956787438026808
"795573333",0.00349677916631603
"721366308",0.00551376543775324
"789351783",0.00419289012085712
"815596608",0.0624066695104914
"718921683",0.22358374888473
"720031908",0.00453605838915549
"719245083",0.0205776639475677
"716136333",0.0374170422984488
"788638908",0.0154646327404354
"715607958",0.00202527357096982
"827635083",0.0431889496162931
"812488608",0.00412736878129143
"708154833",0.786829868513859
"709945458",0.00403388528720833
"714614133",0.897775966250754
"712920633",0.00985272624159447
"713610933",0.00807490518960926
"714257958",0.0433155812506382
"772172883",0.00025672368789866
"787596558",0.000846341530167603
"716041908",0.0157580968312313
"712342833",0.00243069527446609
"717477783",0.541436323774613
"789942033",0.419597707273325
"711336033",0.04784443170562
"717179508",0.00515588622355191
"711278283",0.019889448195348
"711379083",0.0173674788957599
"788866983",0.0211315575496937
"718243533",0.108905938773431
"711832533",0.0703129273372373
"712734933",0.556196663992131
"717410508",0.0242733545555813
"810493458",0.0108323850087328
"715659333",0.0166410646879043
"719876808",0.111630786604802
"716631708",0.00855584775955392
"713025558",0.669636492550031
"809565183",0.719351259112748
"712845258",0.00992003651364326
"711345258",0.0171015178776524
"713685033",0.675470737880686
"710201058",0.124644969509125
"787493808",0.0211451842723798
"717131283",0.00497715443404628
"813234108",0.0223956376103651
"709505808",0.480505778198138
"711267633",0.852199243475031
"719613783",0.115591723776997
"708473133",0.207278688833458
"806428908",0.247553493667675
"710903358",0.00301279880394535
"712676208",0.0058749406366491
"754480233",0.109351092346067
"789325008",0.000563108492318225
"711313158",0.0347023841640657
"812465958",0.00420087295361121
"711397533",0.0149900991290445
"711740508",0.00118659008200322
"720085233",0.130293949268161
"720302883",0.00603159859935876
"720730683",0.0151283120338665
"789053883",0.000375517572259864
"789248958",0.00357445193086229
"710512833",0.00148478167171798
"720930633",0.70277893719276
"713526258",0.90889568526764
"712877733",0.00235828182290269
"713339283",0.0318510745579292
"720473433",0.00151401038166275
"780584658",0.0212862819665605
"771058908",0.0192475933506026
"709741608",0.128481384611618
"709688883",0.53202949780367
"709892658",0.0568140608146586
"710183283",0.00733769396579703
"711937158",0.0172098233525314
"717646983",0.438686040965253
"789599283",0.0303775943074813
"716108283",0.00576319116397587
"716643033",0.313095122192434
"711567333",0.00918183944688406
"788756133",0.0214575757854901
"713573508",0.501520179957535
"787519683",0.00831929480680774
"814191333",0.466355175229249
"708635058",0.00143710036549469
"718940208",0.00732757437292362
"708390633",0.0312349191971883
"720885558",0.000667224161558
"710086308",0.00051770398770263
"755996583",0.182680853515243
"717074283",0.579462645524045
"765847383",0.079418924507126
"710078358",0.000566078506818578
"715960308",0.12352304178894
"803657133",0.00337197789747044
"713613258",0.00855810073059721
"768544833",0.0137603752077965
"714516033",0.00100432390515344
"712290258",0.00594877297908844
"780372408",0.0174925905570887
"712173108",0.00277499364865093
"714156633",0.0381285626732784
"772394883",0.923240717965921
"794253108",0.0901580261744024
"716602683",0.0428845295363245
"709273383",0.0181827182221732
"720491958",0.0888644652591306
"719265108",0.000904375564566242
"714204108",0.136197297509711
"716244933",0.186095924606797
"794558658",0.00642453452090429
"713105508",0.0525773921246159
"817892208",0.00639061898330974
"719445633",0.0672853227259161
"718481283",0.0149766733868889
"717626508",0.0305395354910218
"767668908",0.761459390873607
"711240108",0.0521464769070798
"721396758",0.0253972408635106
"711508608",0.0775733684813395
"718212633",0.00141497775460027
"708357183",0.0988352204184942
"788786208",0.00202540538135224
"801083133",0.0210970949566712
"714098883",0.00204658503137688
"769035933",0.0175112174162058
"813182658",0.0201559348456256
"781110408",0.0276705105272047
"818007783",0.00128313835831176
"718696458",0.02607130238725
"710611683",0.000482156696130094
"753094533",0.0802553797224642
"769892058",0.0118626984301959
"715705683",0.020872000869666
"715724808",0.000828594755347569
"716236683",0.00822106278180316
"772442883",0.924771373642002
"815908908",0.155685082166131
"714839808",0.00578217176135038
"788937933",0.00227248894458526
"715821183",0.203018753948263
"778780008",0.0810768913214037
"779670783",0.0186873703294275
"718469658",0.00899441683027279
"809849358",0.98679290354753
"719772258",0.00593857156077759
"809846283",0.0260397759252479
"718866633",0.106764552534336
"809559933",0.840833320015126
"819979458",0.00299475977629451
"778669608",0.0206658831646873
"708338958",0.00118374170693733
"711527508",0.937945896259288
"716023533",0.00121386401900805
"714075708",0.0515271866364652
"787505133",0.190558369137521
"712241433",0.00250127138238735
"807990108",0.14600705572756
"719018208",0.764396738800118
"716641983",0.0138497165957219
"708989358",0.00775621528995491
"788997408",0.0109373638808949
"719835033",0.0275207278934319
"771723408",0.423807309535075
"718267233",0.0115644508575512
"788864508",0.0112936255166384
"718670808",0.00168777325827873
"719531133",0.109191551227693
"785262333",0.080415737314351
"716513358",0.00291798156056414
"719073483",0.690746998152769
"715372083",0.0895690931829344
"780034083",0.0363950617494027
"710013258",0.0503991617425711
"719084358",0.595997472572535
"712434708",0.0377544291320498
"808675083",0.00120977955377683
"712574583",0.00822672060508493
"714389058",0.0290164040758944
"715029333",0.078832588650024
"711067383",0.012297962984896
"771942333",0.009186083632711
"715710708",0.00976740619052985
"771500358",0.00204331929215643
"779725833",0.00671750266019411
"719277033",0.0311362042313618
"720977358",0.00721964378228198
"718497033",0.203225952650182
"789076083",0.00194324978758183
"712942308",0.00319068502739367
"788776008",0.00039928572104206
"709368483",0.00537748144381462
"803355408",0.00180959908630734
"717073308",0.0533326450786439
"721305408",0.0174221429249121
"712446783",0.452453396984002
"817094283",0.0311429989886661
"713023158",0.00223121069564852
"803214108",0.00454658288693851
"717202083",0.755976473017329
"719051733",0.0217451582559813
"713666058",0.0027136788335625
"716170308",0.000275237181013622
"819752133",0.00306700349555103
"715178733",0.00919537811045665
"809068983",0.0357730524212266
"720256158",0.0375837957107686
"815091333",0.0132751830737491
"716559108",0.00429386200530133
"788744058",0.00844164197540395
"721529583",0.00167719245175954
"708504783",0.0644984399609802
"718748133",0.0215570189301827
"715250583",0.0780396520275068
"714396558",0.00789851957100113
"719130558",0.0155488287562222
"715497558",0.326145371406203
"711881733",0.11284624828926
"717208833",0.453988205388145
"713653983",0.000933711683514775
"789143283",0.0301311570314372
"712169883",0.0111297048379832
"712637283",0.00189040979595506
"717841683",0.00473458641012265
"708689958",0.00382574527252786
"708888633",0.847172918824287
"710142258",0.0255315447910196
"712222758",0.682662930543317
"814586958",0.0084708954702412
"717166383",0.00369075787903971
"713060283",0.0017782656311084
"793625583",0.00172588914718358
"714308283",0.0138328229530761
"712891833",0.00190581307358801
"789523683",0.0124002783867893
"718010133",0.0225473706095485
"771518658",0.00140192736502392
"710508858",0.000796048573871434
"719334408",0.00568070909689033
"717500133",0.105298457529704
"719848908",0.299768336493696
"714962658",0.534817275338889
"717429258",0.713599338442064
"717022533",0.0617669561995795
"780055308",0.560329428423544
"714252933",0.0356062721021038
"713336883",0.633214496412492
"713884458",0.000440625606087102
"788694558",0.00616313373589444
"709275558",0.135184882054267
"714667608",0.0332524410630515
"714475908",0.427237226065444
"716790633",0.554717925294798
"716127333",0.276419078406706
"780032208",0.25313621169467
"802937058",0.00235695864705396
"712493058",0.0497757380826897
"710792733",0.0168194184821904
"710284233",0.741742268006212
"721306908",0.499347281258805
"719594433",0.0222763849135503
"716310633",0.00118209639361442
"788440083",0.00283838021214288
"715701033",0.0441714792928314
"788734158",0.0858743063173947
"720895533",0.0092512992176679
"801508383",0.000814987766901185
"711949683",0.0525415173656228
"720064158",0.119760504477246
"779104608",0.417054809784573
"710359458",0.00565596209371975
"753795633",0.140695650326483
"716019333",0.00152555910449583
"817607358",0.911699312228998
"720742083",0.13733341608023
"772310958",0.0244351543239151
"720470133",0.00139088800150049
"716304483",0.00524910801643982
"714315858",0.0143394360896393
"721124658",0.16796650842376
"806908608",0.013967869460653
"789479058",0.14297727674668
"784998108",0.0186229276646347
"770839608",0.000582524878766414
"713866308",0.00151861954613422
"714250908",0.021708727836413
"789880533",0.610005334300655
"711221958",0.652222343481751
"718689258",0.00227147090401688
"716368008",0.290045722936568
"712767858",0.128989880283731
"711461658",0.0012403168388319
"716973333",0.0247735022339026
"709999308",0.0218861488026177
"712389108",0.000950514515228526
"789487308",0.0160088458905681
"719809533",0.00262741393509303
"717239133",0.044396857681507
"712611108",0.0743060818950912
"711846183",0.902673328593986
"720612333",0.185968614956797
"757854858",0.762491258606583
"716381808",0.0382827018254825
"718730283",0.0563067940651879
"709232808",0.886054788620616
"804428958",0.00944997631502036
"711474333",0.910635254707748
"720322008",0.00890529445771503
"789267633",0.00183736500695437
"714557583",0.00151252317051598
"772382283",0.337339372923064
"817236708",0.00259779927010093
"712326708",0.00803536706967493
"712395408",0.46711891118528
"818459733",0.808401735356196
"708867408",0.279107773924829
"712649058",0.0203444791953627
"714012258",0.0140842006459429
"714388158",0.0323631898678537
"720067083",0.00218133043212217
"785500533",0.0231180870878245
"709279608",0.00305610731881647
"788771733",0.0270284333657436
"717915783",0.0606138168325855
"719716983",0.0291309768466506
"711117108",0.0555129981382996
"778810083",0.309017026551522
"787454133",0.0326457879667224
"712329933",0.30679188710547
"798280683",0.00048119854975275
"714965958",0.00205874003639062
"720275358",0.259746800775175
"717325158",0.0448567836561196
"807136758",0.463079818723839
"711594858",0.0434180704513709
"711389358",0.00379562558344849
"794554683",0.477981436664435
"789996783",0.000168851041552801
"751150233",0.178192579470241
"768675483",0.0190314850246599
"711323283",0.298663416627845
"719245983",0.0147148470570319
"711533058",0.00103968421462391
"708680583",0.0129515950968209
"715842183",0.102480276305699
"721399833",0.0115335859786387
"708727983",0.0295676813853411
"716959833",0.0363610549203073
"715071483",0.00200007782659173
"781337658",0.00263443689336277
"715784808",0.00212738815284973
"709175208",0.00521643720352914
"779577108",0.169214169307239
"801497508",0.0289145777267281
"784734258",0.0268207280750068
"717699408",0.00354548960873263
"709329558",0.102910205928742
"710051658",0.0115016371099012
"757527033",0.284407053656136
"789601308",0.0158009896863008
"803197833",0.00865421135381051
"806900508",0.0136820216819952
"789241308",0.777899997434876
"808950108",0.07129965897377
"778272408",0.280255027071523
"787457883",0.00384475541142909
"713981283",0.00222787239070725
"748194633",0.0264079424329061
"721480158",0.494118964074179
"719350908",0.029467351707018
"716369208",0.0170724675302748
"712753758",0.0256327333848533
"819684183",0.160715187447685
"719630358",0.817623565535638
"710888883",0.00922463768940228
"717255333",0.636905098362062
"788797983",0.00113881811705368
"819351258",0.00680301359435447
"779942808",0.0178716948457268
"713709258",0.00563312038245066
"779961408",0.0285368697279464
"754968033",0.02793662018124
"711363258",0.00934992739217477
"711125358",0.0207947387372392
"717524433",0.00330275690175107
"713675658",0.0029229958403164
"712869783",0.0483718057690983
"719815383",0.00533985997716965
"808747233",0.0978967845679569
"713084208",0.250000024646321
"709803258",0.100994996825008
"709868433",0.0170658225709464
"717395733",0.0320432385456194
"716231133",0.241934028400489
"709575858",0.0897094844166966
"719250783",0.0424869138315643
"714616308",0.014295159230489
"766021083",0.892782323943966
"719756133",0.276412100500559
"768412608",0.00429247376373044
"768243858",0.213983681863446
"811713408",0.0101587800941139
"708822783",0.00354156179051753
"804413508",0.000309024210688457
"717862308",0.00118079889949624
"789301458",0.00287798561384863
"772329183",0.00740401477191256
"713792583",0.00619504424630046
"719577258",0.915693688059008
"718707933",0.274889126751688
"772687983",0.0717567917676644
"715009833",0.0204703259337167
"709411383",0.00120872417349718
"825753258",0.00168908844354782
"713930433",0.169142900791175
"772162683",0.191915914084139
"714418983",0.0115792409846169
"716709858",0.55856799758435
"711276933",0.00351790124595844
"718165758",0.00109972673560486
"708158133",0.0290280239082414
"712514508",0.0973806054617214
"716511483",0.217446206297163
"716761308",0.104817376782587
"712154883",0.0380696454355745
"792695808",0.0110533679592264
"788876208",0.0876233815432037
"772069683",0.00524420673257105
"710756133",0.0875888353930267
"827100333",0.00840522982646994
"802856508",0.00340856404971315
"720654183",0.396989018272728
"715880283",0.00368783364033669
"715797783",0.00690219427194955
"715995933",0.000492393747610768
"713567958",0.0101509036211015
"721484283",0.00217680295905077
"789925833",0.00967548855067389
"709614333",0.00367797014817284
"767005683",0.00247345586595535
"708684108",0.364313576601545
"768638208",0.0113498857022825
"708869283",0.00864146988250071
"709762008",0.00670158099835222
"708600033",0.00552694852097431
"713047608",0.0349182152928577
"826709658",0.865755400550588
"752648883",0.0165923665455086
"783393633",0.0222146767643331
"779667408",0.00218022691740369
"719098308",0.116732090199075
"771433608",0.0283929697675005
"825811158",0.00155980850591479
"714847983",0.00600360783451861
"710989008",0.00516265325932549
"780720258",0.154521337934848
"718570158",0.0049215721372267
"710439483",0.0171692276311345
"779166783",0.00175321066044371
"720818658",0.0782756508047888
"802455633",0.0496213760563093
"716157408",0.0317516804328704
"804371733",0.00128984244992813
"773342808",0.0087221289950615
"794675058",0.0726600555532313
"778919583",0.0127547130973497
"715047333",0.00136583638827019
"803339583",0.0457548362894489
"809452383",0.00369249696484169
"714413283",0.00243206786096261
"720062508",0.33124717024135
"717878883",0.0846100109798241
"711540108",0.865667025737921
"823878408",0.00522227118681046
"779533983",0.00307775520159267
"713583408",0.233129202380341
"718645308",0.00776459645992662
"717870108",0.00638883245453144
"815515158",0.00664877132462902
"794771208",0.00270430830693099
"718572408",0.00502177569188521
"749571633",0.0125263891993439
"713906508",0.0433770489609793
"708768258",0.000857191240927409
"720872433",0.821244265146793
"810986883",0.00134672876445618
"819200133",0.280529015456526
"827062158",0.00738467231713528
"710669733",0.00647175610967375
"714572208",0.0167231704461191
"708976908",0.661408386002818
"711264033",0.027007816525606
"720152058",0.00048583313834033
"708703308",0.257218400088841
"709077933",0.0635712633327258
"714186108",0.00984802847111858
"708894183",0.00832211648366853
"718194858",0.00274247725762284
"827123883",0.00231955993044111
"715197633",0.000962609116897259
"716581983",0.00396450766276922
"811942983",0.0126000525600672
"712740108",0.354294662412518
"710243208",0.10858401241999
"712307283",0.0262337192541501
"710637183",0.0438348140272144
"714991608",0.0738329881789631
"779848383",0.254807441723517
"714895608",0.111242312421622
"713541033",0.00319514810850258
"771989733",0.00940231680739827
"787514433",0.0785542756211322
"716825808",0.000618450393787675
"717343833",0.00368930616160956
"718932633",0.0763397795238375
"721393083",0.147319610252688
"709455108",0.00337922701934709
"779651058",0.00917571735125072
"717725433",0.816695222215714
"779458383",0.0107617465915926
"713948808",0.00111876104692242
"816315558",0.00548785547012515
"719775408",0.0671173077233772
"712070208",0.00213341843580235
"710690733",0.872379073760952
"709836258",0.00399384734279658
"717836733",0.00108121983405153
"718848183",0.000351352564599231
"719034183",0.00334605186513078
"771872733",0.00226998958454945
"715672458",0.00546010375670063
"789820308",0.077130110126046
"792300858",0.0170982212505077
"710978058",0.0030157269689923
"710723958",0.00322844425324628
"823840458",0.00370853004025111
"745853283",0.0424168208660963
"823609383",0.0199796517877017
"818710233",0.010645036412906
"720547533",0.00468244866415687
"714735033",0.00990523227308776
"717278808",0.096076319752059
"788772708",0.199451397778127
"721181883",0.0451298692513883
"711343233",0.0695213187831012
"790021233",0.00683893284705837
"714164808",0.280982717481448
"779523258",0.00106167637320862
"711851583",0.0011457682960279
"719410083",0.0598719928523182
"711904008",0.779647950645562
"745124658",0.00547646802144471
"778405458",0.00918813416809822
"715128408",0.0608464125419549
"711391308",0.00115064494869262
"717688233",0.00307451810273224
"712669983",0.00744704842455196
"720563958",0.00268731548360302
"711420258",0.0727080291776417
"713177808",0.00205298681478991
"715303608",0.00208529862131264
"712998033",0.44867227098201
"712843983",0.73268100822715
"717947508",0.00272290785879453
"719279208",0.0100726549897393
"717985158",0.00318720567137153
"714245358",0.0180901573752233
"716313858",0.00206847684124762
"715144383",0.00596282366290648
"717971208",0.22429833715609
"779380908",0.459182969657995
"713503983",0.0159371983330807
"789772983",0.54104480620889
"718108758",0.00117036479195403
"779947908",0.0167485543525825
"720777558",0.00190939078281346
"779404383",0.0057485731061871
"718607883",0.00168701772616395
"711452583",0.018224109064587
"716474358",0.0276918988294516
"708899283",0.0180366584748529
"709245783",0.000269872943799181
"720507108",0.818280384671007
"712829808",0.730643148993978
"711900033",0.000749337797566277
"826136283",0.0353499152679055
"778659108",0.000404949367490481
"720374808",0.0078107816339968
"719592483",0.0129425185311084
"714702033",0.0314325787707115
"717042333",0.855977650557384
"779114283",0.0613033903022929
"813967983",0.0164042074129104
"718067658",0.0103884356262568
"789631908",0.00238205830351583
"715847058",0.516118041143175
"721256808",0.000283569053786445
"710219658",0.0526271790731807
"789121233",0.00268689144987451
"788885133",0.00298492180318785
"719532108",0.0133821575717489
"708273858",0.0200099715697717
"720959058",0.00445145483420332
"714169908",0.00193666700072966
"789233808",0.00318915030595116
"709071408",0.00719854279320338
"815830083",0.00830741656724704
"715281933",0.143478295310573
"804583833",0.00234140333814787
"715321983",0.00218052340052596
"808527183",0.00135243513306495
"714514008",0.748618750834091
"711669258",0.555366134369387
"797218233",0.00406449092008287
"778349883",0.00288560115856419
"714668433",0.0132565669710143
"720967233",0.000257552497776163
"737962608",0.00385409608068386
"778781508",0.223537726014398
"713239308",0.0147629001440344
"797410983",0.0624539788761743
"721167783",0.0275911712087502
"712130058",0.856775892428808
"714060408",0.00263744582012379
"709762908",0.0116500353478939
"767388783",0.099726606170216
"778245633",0.0203699532587909
"718535733",0.00515552542539681
"716249508",0.0159037308782072
"716953083",0.00761408972836658
"720590058",0.172770390783389
"717748608",0.318195902979095
"710740008",0.00655801460036694
"719372583",0.002036948165431
"709068183",0.0265698749615483
"718133733",0.00992796743289391
"807604233",0.0121315865699604
"801786483",0.000613054677608218
"774675933",0.0374735701560825
"716741508",0.0917506355729535
"721106133",0.0107337549731238
"719512983",0.829946676445249
"718755483",0.00289907566977083
"753233733",0.0552483458090685
"713922183",0.00928630765590381
"716443608",0.0239068933351445
"793630083",0.848165464480511
"736893108",0.0298990111426074
"711150333",0.70865687205715
"713634108",0.0515834306192139
"717231558",0.0300250446474142
"787481208",0.0398192359994442
"713328108",0.0268069077009061
"713542008",0.0968998187512332
"714600258",0.023326307694042
"708307533",0.0424689077619455
"820085808",0.0214916954841258
"808281483",0.0141431476835142
"711873033",0.306292558365753
"709927458",0.0236606264687218
"719862258",0.0156210311922905
"788719533",0.245206227059763
"715566408",0.0554862930779986
"779420583",0.0307201808900803
"721406658",0.344460530403065
"797150733",0.417840393969386
"780360558",0.0216353263120773
"715012833",0.0199108332566862
"712831908",0.0186187888872891
"772346358",0.0727944421361424
"711807333",0.060023473558039
"816086508",0.405730243313081
"710794983",0.00741053080426606
"779837808",0.0160832931505183
"712177908",0.0264330168330779
"793379058",0.0167739084052796
"717409533",0.615468021374722
"787452333",0.80239107214035
"819690933",0.00759792843640008
"708959583",0.0112657550514508
"719860308",0.683142643468661
"717651333",0.115023813992885
"710742408",0.00142598157911558
"794227308",0.0167277523838331
"720599658",0.0929098580365332
"827442858",0.00918720925573926
"718806783",0.761554363750013
"714630858",0.736108898561581
"710838108",0.0146600807092895
"779905008",0.686525144801012
"789491058",0.0595243571753071
"720961383",0.658082931864839
"715549158",0.0117157368907676
"710981583",0.0211133150656502
"715904433",0.836879138294796
"779916408",0.429054485146911
"714979383",0.0292151728235301
"708995283",0.0107248815062148
"711102858",0.625611702038623
"717596883",0.0238060364117938
"771730758",0.0303722842600684
"780265458",0.00322777375598078
"714256758",0.0412973417611054
"712171158",0.00434271903864725
"709901058",0.00411597617223649
"780073158",0.00207416055799315
"713144208",0.855714415468302
"770774133",0.121629949753715
"720190083",0.915623247942957
"718825908",0.0123650009758609
"779922183",0.0113880300502996
"719449533",0.20333403915191
"806634783",0.062897240165467
"708514383",0.00514565498272975
"814181433",0.165761172270098
"713027058",0.954580724437851
"778228458",0.0836778061979069
"763681908",0.0645742782932658
"769676358",0.0283060986805202
"714843483",0.026880818506459
"789228108",0.0137966983729056
"717284133",0.0179592607205232
"711701058",0.00948233517714672
"713274183",0.0094757338970383
"710780883",0.0811506192745473
"710797833",0.0174119584100104
"719123958",0.584508401818312
"780942633",0.0268171337284889
"708876183",0.124909140718235
"708824958",0.255068782952644
"712804383",0.0165564879237593
"712144158",0.323482311083358
"757710783",0.106527971175757
"710481333",0.141329348443075
"721060083",0.0179155285845311
"713101383",0.0267493655968198
"757685733",0.0225516844818873
"798238008",0.0203198312419242
"718147233",0.00481753089234443
"712790358",0.332556610585832
"714943233",0.00388723671268029
"787467858",0.181595878643786
"708671733",0.0516784233269769
"709790058",0.00853056590234362
"757722708",0.0259158370342319
"715083633",0.0315769046745799
"711873858",0.00402190308144199
"801518958",0.246907923091311
"710566533",0.0953757383633707
"807589908",0.0560972742748697
"784895358",0.552750250283262
"710090133",0.0347401010598144
"799242033",0.0114966453609822
"710371683",0.0113924025888028
"709389558",0.0837422471997106
"709087983",0.0420300816705225
"713497983",0.645289969010184
"711381183",0.0192913656314478
"714317058",0.0246564468233409
"772271508",0.866164251544827
"716366208",0.0477631904181273
"710971908",0.0197828136488979
"711412533",0.214003650236653
"720165258",0.00165685833328082
"778436283",0.0203092541949557
"711492258",0.00434320465744356
"781073733",0.0935816339970725
"757594083",0.0906200293079809
"778191933",0.40992251407598
"709738008",0.352047057607364
"716324583",0.0442814402917808
"785285883",0.552737230663444
"789164283",0.00550786094650351
"715773783",0.868647651143258
"779158533",0.104127394764588
"720463833",0.0188166088821007
"719022558",0.175050451416639
"717334233",0.0107061038768289
"770581983",0.086585620250264
"708416433",0.590888044187105
"779183958",0.970419513839421
"709061658",0.013027861021265
"714714558",0.0122471517206683
"710532258",0.00712295602031867
"711272058",0.1076176326652
"716262708",0.157179540074917
"779638983",0.0288692389510227
"709415583",0.0321316979909875
"715534083",0.027498436202193
"789492558",0.0215650956673486
"717004533",0.00899389538522412
"720518283",0.0376855508574054
"816826008",0.0115469503058504
"715309083",0.0436848612571084
"788848458",0.0298465515135212
"711944733",0.0142542346614454
"718329183",0.016530971260294
"712524858",0.215167001879561
"719150658",0.749057481157102
"719601708",0.110828285431751
"798777708",0.0981314909622443
"796544133",0.0113396592650096
"714742758",0.00486824023200215
"719237058",0.00207245801432054
"719671383",0.475174159963343
"788290383",0.0392686885849675
"779701983",0.0652287768205889
"767093133",0.0368254092938547
"812446158",0.381549369677394
"719759733",0.825018084827663
"719299533",0.62458015932349
"771356508",0.0265291583895682
"710464683",0.00637245496727098
"789082758",0.0181503243758059
"709140858",0.0386815929372407
"721112508",0.0854265144029467
"772286658",0.00766827610071044
"710937783",0.0469703371565299
"714276408",0.777068128837154
"718795083",0.0173262422724661
"711232608",0.896213229565865
"708207783",0.133994096870036
"778679883",0.0375587727125809
"807379833",0.877811727523021
"778860783",0.800007765843681
"779141658",0.0172855101726991
"811889808",0.0139203957991846
"719269308",0.00342043346466909
"718200333",0.00710177877709495
"713916708",0.00389439859861615
"712879158",0.123973827982983
"709474683",0.0179897620758585
"772313358",0.00665239956853731
"711856683",0.0976879486416061
"716288208",0.0711537264359095
"806432433",0.0136034514728083
"768848658",0.0206215833899448
"714664683",0.162035744696966
"713664258",0.00499766154016575
"718078008",0.0228599919340578
"798546408",0.00633655670129549
"789016983",0.136080752310925
"713907633",0.0173034139176471
"714047733",0.0104017401093276
"710061783",0.0691087367556615
"815498733",0.0154841899946164
"720935658",0.0425890529685537
"708907833",0.00826673574609414
"789525408",0.0288279394746027
"819975183",0.059759175927223
"785515533",0.0181813023836955
"709861008",0.00460050423766562
"713425383",0.232139115686708
"711203658",0.0361426872841794
"717926358",0.00516662921589364
"779751258",0.0407304793213865
"812408058",0.0151672424123303
"713537733",0.023129235520471
"717109983",0.0114268473578557
"715237683",0.0499012043281733
"721468533",0.103335966919584
"711152658",0.0120985034627475
"788907033",0.0458188276687065
"717535083",0.0245762031505555
"712453308",0.0834714438307542
"721008933",0.0136775659329543
"792524358",0.0299849702242242
"801380808",0.0627949697893338
"716871633",0.010851647079217
"787502883",0.00858400528201702
"708535158",0.0354465626264443
"713087958",0.028699347710362
"721495458",0.0199047838219109
"711325308",0.187053395001542
"709984083",0.0300126190929709
"720891633",0.0551595961731738
"719607183",0.0157364786379707
"812794983",0.0197255394325109
"721063533",0.0831260676753728
"708877458",0.141520976613993
"787496733",0.049312096701767
"784819758",0.00591130012672727
"789560433",0.685742502891735
"780545133",0.0153390453635597
"789960783",0.121751407193668
"709556208",0.0069134059780416
"712053033",0.0843773473307873
"794482158",0.0767919040373516
"712447758",0.0149859876027676
"779435883",0.222502222147333
"721227258",0.0844604450661275
"717600483",0.0145466220790353
"709871658",0.0302683722496407
"719121708",0.0112543274312193
"788811558",0.687566464363439
"717895833",0.00513108564090072
"720939933",0.677043847396432
"716725008",0.0061835228409025
"716574033",0.0225905327686614
"774099708",0.0816419719885558
"818316108",0.0834271247125361
"794571108",0.074593561479498
"714422058",0.0158959101816486
"719813058",0.0745020738693903
"788812608",0.162520898952092
"790051758",0.363134001191184
"713460258",0.139861634222934
"711830433",0.0542927771625936
"720317658",0.0413951081336313
"710596983",0.00366060562796509
"717382608",0.00845812622245502
"789186858",0.0337759594988048
"717658758",0.0419518376974102
"714975633",0.025056369452931
"715396983",0.00731985706330594
"721335558",0.00930693982972312
"772098858",0.08618261546887
"789304983",0.00232087707482037
"717579258",0.362672269216721
"780108408",0.0673745535674191
"714019083",0.0180606604127038
"819109308",0.0134862272188996
"794191008",0.0197945485028166
"788327358",0.00527898719571315
"713090658",0.0172569504334152
"717370533",0.00458389618426355
"826150608",0.0213896000400065
"709722858",0.0157524837866752
"812443458",0.0501550824740322
"806694333",0.0879728828881663
"709770408",0.00549092855123183
"797898858",0.0237259367837506
"718388733",0.0410408780489628
"757863258",0.0465275896378499
"712157958",0.928869590437573
"814760358",0.0132218712461438
"712129158",0.00210863530987243
"714880533",0.00727881642737002
"717696333",0.302904929825653
"768733533",0.0334906763664656
"804601833",0.064685643258021
"711577458",0.00585721554543598
"778420383",0.001084138637069
"812224983",0.00579832299707599
"716283108",0.13289795486417
"718528833",0.00816701001407232
"718694658",0.00958294185842695
"718276758",0.010068575079012
"719296383",0.108792798490471
"780497958",0.0105166921742714
"823648983",0.00183750214755297
"708748833",0.0103440308141572
"711364233",0.00761989222914231
"710360583",0.00297761922846301
"714383583",0.0104901854878013
"812534958",0.011692452448641
"826451433",0.00330625371750129
"720178158",0.284657381043521
"714190983",0.736838635047273
"713209308",0.00729535597764294
"711339258",0.0290858660277922
"716486508",0.0278847355764025
"717140733",0.318531493604477
"713870958",0.267726801304334
"720819858",0.00444764732262476
"815078433",0.0536214893236038
"709883883",0.0133443241154118
"714352533",0.216520042224581
"713552958",0.0256357092484144
"718732833",0.331268139282247
"816328308",0.0446367583069653
"711814608",0.0241970423369322
"803216433",0.0433471686898945
"713131158",0.665341054047452
"718113633",0.83563828394826
"712152408",0.0625532908503405
"720086358",0.00314995888311797
"719222133",0.0725241473352413
"783361533",0.0484200424520349
"713708358",0.0818319473211362
"812247033",0.877546116354746
"710161083",0.866758036434405
"721264533",0.0196389046008303
"712990458",0.0107690471458923
"789594108",0.136147373027769
"714959358",0.025348871753702
"719593608",0.088531058757728
"716088783",0.715326415959332
"718458858",0.884395755869038
"715754133",0.0605791954442342
"715630983",0.0866786674746876
"712768983",0.326432693444664
"716881683",0.354370941304315
"711108408",0.0668991439066256
"768643158",0.00486252863771795
"720943308",0.00913739061543248
"712833633",0.133516697770977
"708863733",0.0305100600952341
"717076458",0.0886611459837452
"780730008",0.00927518718239799
"717177783",0.217842407241361
"718045008",0.164237674636766
"714759708",0.130019365233408
"712256358",0.015844448676337
"710968008",0.0170429199578823
"771584658",0.289562853389321
"766821033",0.028014460933567
"814590483",0.416224610433856
"720621408",0.400181814688177
"711328458",0.0030678261437256
"718288833",0.0255682431361197
"766224933",0.00582780553072087
"716124408",0.487091753570353
"771069033",0.355066836780578
"716987358",0.337498689223621
"716296833",0.0212609517383749
"712238958",0.0611390963057926
"789983133",0.146284126555381
"807971658",0.0305004477385957
"721524858",0.0914078567339975
"708152358",0.458828251219288
"719719158",0.0400185153070737
"716947083",0.00723251388432539
"712952283",0.00490164526383072
"708226833",0.518236808861618
"710775483",0.144206212121114
"756371058",0.0387884607739518
"709476033",0.00483018677282734
"712517808",0.0849510820864178
"780604083",0.0673914040185667
"714303483",0.00524651676950239
"710019933",0.0107463936726239
"719610708",0.00311053847090003
"715026258",0.0144014894433015
"712180308",0.0180624536640126
"718357458",0.0174136127991096
"709514433",0.0310736605271584
"718661958",0.106272683049235
"714682233",0.0429665705787355
"756639708",0.0732612067236805
"713686008",0.106260520678715
"711422358",0.00859718533734399
"712895733",0.0289492165594233
"719039283",0.170395366993635
"822885033",0.00569150356566163
"716543433",0.132651616206746
"709397508",0.0297412128423207
"720748608",0.479615917883975
"709823733",0.502091529541041
"802449933",0.011865029824626
"716723658",0.0855472030784312
"710162133",0.571721204091453
"710878308",0.560017485559483
"771244383",0.101810569100417
"789394833",0.0190826236720323
"712609533",0.00210405523885371
"823837158",0.0150796518415944
"770926158",0.000965786436256827
"708285108",0.00333289270661356
"813764283",0.0274464338175668
"772640808",0.0171125223643305
"719420058",0.0268291460662953
"798783858",0.0200387524206649
"718425333",0.0253947927109348
"817951083",0.0275123265095764
"710603958",0.154959305173178
"713810658",0.147975283356945
"710106933",0.0200978985548125
"713269533",0.0122463793591555
"709383933",0.0397587685325182
"710873583",0.011156003471922
"718486608",0.0852873116086049
"719955558",0.044660307593492
"713691633",0.011246579614417
"708866133",0.00783779440650333
"757256358",0.0247720215985504
"710845308",0.01924080921881
"718337733",0.00796812519463099
"712556433",0.482382012043581
"718947558",0.0130222717853065
"710303208",0.00148743605929979
"716004258",0.0266769428395565
"717724233",0.0807271165771848
"719850933",0.0425103008907936
"721290708",0.123982441979871
"768457008",0.210032550734264
"709971708",0.711458423238132
"794132808",0.175271964495336
"709015833",0.00388891488947657
"718612758",0.0275642200207625
"712206033",0.00786581403264872
"794573883",0.00598597861169117
"719118708",0.480624466418425
"718979733",0.0203825662051491
"718528008",0.0396787681976967
"712966458",0.0397388231740467
"710529708",0.0440253394552436
"789817833",0.141871813819848
"819376683",0.0714129982274024
"717464958",0.0738556472964815
"710856558",0.0565040976680622
"716457783",0.120560203030894
"710810883",0.0604009523494923
"718578708",0.0541483370321025
"771769383",0.0828982538740576
"789280683",0.0126676284092634
"709315383",0.12541729768629
"710141208",0.0237064891062214
"779808333",0.0271641079845983
"714912408",0.0389022235837379
"719595708",0.00269949703989755
"713242383",0.0790731275489081
"716150358",0.00856517068465322
"717457008",0.0451272553392627
"803968233",0.00955224624850427
"779037408",0.0917811691188368
"709007883",0.127714741401381
"779914383",0.00496934195033543
"711096633",0.175533684956408
"820922733",0.00906433228483907
"713379258",0.202460004758357
"710232483",0.019266349018937
"710170758",0.00566967505411498
"792152283",0.474160383896672
"770205708",0.0413900627656559
"719379858",0.626485755674572
"708340758",0.44131781807866
"718376583",0.761688965570912
"767414808",0.0140934951158626
"708694983",0.0921921404839537
"709996833",0.269751427391474
"718774533",0.00865724884350051
"710178558",0.0275027047232903
"720788883",0.0468689956849992
"758617233",0.0682028386916418
"779055033",0.332795366449146
"714103083",0.00260862452898693
"716482533",0.320094873783259
"713347608",0.674871375354618
"721395633",0.0271722439980209
"721086483",0.0840500957045898
"710858658",0.247806797616763
"788019483",0.00429319094385628
"716151858",0.0184968743144094
"713880633",0.176110698399907
"758753283",0.484134373052978
"716933283",0.00236538148696315
"721459008",0.0272641166143689
"712941483",0.884744095476608
"778888083",0.668680198276614
"771561183",0.0377910963633241
"709937583",0.0203995185339775
"770743983",0.672681094557495
"709592808",0.0747586762349209
"822084333",0.366716189324341
"719329983",0.108418745588228
"717174558",0.334934339183473
"719400108",0.00964176342214725
"710463408",0.083044208637402
"720995583",0.0122712757073207
"717081483",0.0589715289000384
"714785508",0.0760455032462549
"718496283",0.00290939804582934
"720515883",0.110456068297838
"711460458",0.183179222590554
"710047533",0.385544870335818
"716708583",0.868582558213363
"715150983",0.956665979740562
"714879483",0.809787540296971
"804670758",0.0107514440703047
"824160333",0.00184708169243991
"714919308",0.350932885092762
"717774333",0.889277586923608
"804431283",0.00590549322046386
"720237408",0.00598900631586475
"809589783",0.0391098078232918
"712627083",0.192574090444098
"789937683",0.00551203263801876
"713994108",0.00237991832869423
"711745233",0.8733506639651
"721455558",0.0518605613249812
"719934783",0.0646102086643432
"714524583",0.130291801663281
"713833233",0.00639739234865695
"708964683",0.481988898764164
"709831983",0.0126005060313397
"789398733",0.144774334877414
"779900808",0.430106959349991
"816517683",0.0236261217426681
"715713408",0.677562949684602
"770038983",0.328794643387734
"708942408",0.0243444450070955
"709578258",0.0303666063487423
"718614183",0.244777564676666
"709865883",0.71924586533283
"766273533",0.0520792285986863
"717390408",0.0476155611573189
"817035108",0.00997388552056071
"713281833",0.00362026012796915
"714385983",0.00716487144450943
"718161708",0.0248910887881508
"720328983",0.769999833166039
"716644008",0.800554780349072
"718372458",0.355496754953571
"717185658",0.236713203322485
"714471183",0.698411829209903
"780613758",0.627426348992807
"718225683",0.0200727177212723
"710734308",0.0034381924576751
"714109308",0.0298409021736803
"713755458",0.510818286620364
"713899383",0.0211098092493803
"772366833",0.00712003770347752
